{
    "name": "root",
    "gauges": {
        "ShieldandShoot.Policy.Entropy.mean": {
            "value": 1.4017947912216187,
            "min": 1.4016284942626953,
            "max": 1.421777606010437,
            "count": 20
        },
        "ShieldandShoot.Policy.Entropy.sum": {
            "value": 69910.3125,
            "min": 69910.3125,
            "max": 71650.7109375,
            "count": 20
        },
        "ShieldandShoot.Environment.EpisodeLength.mean": {
            "value": 46.25614366729678,
            "min": 46.25614366729678,
            "max": 47.40038684719536,
            "count": 20
        },
        "ShieldandShoot.Environment.EpisodeLength.sum": {
            "value": 48939.0,
            "min": 48890.0,
            "max": 49012.0,
            "count": 20
        },
        "ShieldandShoot.Step.mean": {
            "value": 999980.0,
            "min": 49977.0,
            "max": 999980.0,
            "count": 20
        },
        "ShieldandShoot.Step.sum": {
            "value": 999980.0,
            "min": 49977.0,
            "max": 999980.0,
            "count": 20
        },
        "ShieldandShoot.Policy.ExtrinsicValueEstimate.mean": {
            "value": -0.11620818823575974,
            "min": -0.14173145592212677,
            "max": -0.0001476883189752698,
            "count": 20
        },
        "ShieldandShoot.Policy.ExtrinsicValueEstimate.sum": {
            "value": -125.62104797363281,
            "min": -151.0857391357422,
            "max": -0.15714037418365479,
            "count": 20
        },
        "ShieldandShoot.Environment.CumulativeReward.mean": {
            "value": -0.4489508194176371,
            "min": -0.691479655811329,
            "max": -0.447670425881039,
            "count": 20
        },
        "ShieldandShoot.Environment.CumulativeReward.sum": {
            "value": -474.98996694386005,
            "min": -714.9899641089141,
            "max": -472.7399697303772,
            "count": 20
        },
        "ShieldandShoot.Policy.ExtrinsicReward.mean": {
            "value": -0.4489508194176371,
            "min": -0.691479655811329,
            "max": -0.447670425881039,
            "count": 20
        },
        "ShieldandShoot.Policy.ExtrinsicReward.sum": {
            "value": -474.98996694386005,
            "min": -714.9899641089141,
            "max": -472.7399697303772,
            "count": 20
        },
        "ShieldandShoot.IsTraining.mean": {
            "value": 1.0,
            "min": 1.0,
            "max": 1.0,
            "count": 20
        },
        "ShieldandShoot.IsTraining.sum": {
            "value": 1.0,
            "min": 1.0,
            "max": 1.0,
            "count": 20
        },
        "ShieldandShoot.Losses.PolicyLoss.mean": {
            "value": 0.014534358981311217,
            "min": 0.014534358981311217,
            "max": 0.021248525888141658,
            "count": 19
        },
        "ShieldandShoot.Losses.PolicyLoss.sum": {
            "value": 0.014534358981311217,
            "min": 0.014534358981311217,
            "max": 0.021248525888141658,
            "count": 19
        },
        "ShieldandShoot.Losses.ValueLoss.mean": {
            "value": 0.42288493489225704,
            "min": 0.2911615882896715,
            "max": 0.4572620954778459,
            "count": 19
        },
        "ShieldandShoot.Losses.ValueLoss.sum": {
            "value": 0.42288493489225704,
            "min": 0.2911615882896715,
            "max": 0.4572620954778459,
            "count": 19
        },
        "ShieldandShoot.Policy.LearningRate.mean": {
            "value": 1.478739507089999e-05,
            "min": 1.478739507089999e-05,
            "max": 0.00028499130500289995,
            "count": 19
        },
        "ShieldandShoot.Policy.LearningRate.sum": {
            "value": 1.478739507089999e-05,
            "min": 1.478739507089999e-05,
            "max": 0.00028499130500289995,
            "count": 19
        },
        "ShieldandShoot.Policy.Epsilon.mean": {
            "value": 0.1049291,
            "min": 0.1049291,
            "max": 0.19499709999999998,
            "count": 19
        },
        "ShieldandShoot.Policy.Epsilon.sum": {
            "value": 0.1049291,
            "min": 0.1049291,
            "max": 0.19499709999999998,
            "count": 19
        },
        "ShieldandShoot.Policy.Beta.mean": {
            "value": 0.0002559620899999999,
            "min": 0.0002559620899999999,
            "max": 0.00475035529,
            "count": 19
        },
        "ShieldandShoot.Policy.Beta.sum": {
            "value": 0.0002559620899999999,
            "min": 0.0002559620899999999,
            "max": 0.00475035529,
            "count": 19
        }
    },
    "metadata": {
        "timer_format_version": "0.1.0",
        "start_time_seconds": "1734490474",
        "python_version": "3.9.20 (main, Oct  3 2024, 02:24:59) \n[Clang 14.0.6 ]",
        "command_line_arguments": "/opt/anaconda3/envs/unity/bin/mlagents-learn config.yaml --run-id=ShootOnly3",
        "mlagents_version": "0.30.0",
        "mlagents_envs_version": "0.30.0",
        "communication_protocol_version": "1.5.0",
        "pytorch_version": "1.11.0",
        "numpy_version": "1.21.2",
        "end_time_seconds": "1734491607"
    },
    "total": 1132.763534417,
    "count": 1,
    "self": 0.010227499999928114,
    "children": {
        "run_training.setup": {
            "total": 0.010413125000000023,
            "count": 1,
            "self": 0.010413125000000023
        },
        "TrainerController.start_learning": {
            "total": 1132.7428937920001,
            "count": 1,
            "self": 0.5449632480003856,
            "children": {
                "TrainerController._reset_env": {
                    "total": 9.686153875,
                    "count": 1,
                    "self": 9.686153875
                },
                "TrainerController.advance": {
                    "total": 1122.4846299199999,
                    "count": 83364,
                    "self": 0.27605879099746744,
                    "children": {
                        "env_step": {
                            "total": 1122.2085711290024,
                            "count": 83364,
                            "self": 1057.681297551002,
                            "children": {
                                "SubprocessEnvManager._take_step": {
                                    "total": 64.201975459,
                                    "count": 83364,
                                    "self": 1.3126667270081356,
                                    "children": {
                                        "TorchPolicy.evaluate": {
                                            "total": 62.88930873199186,
                                            "count": 83364,
                                            "self": 62.88930873199186
                                        }
                                    }
                                },
                                "workers": {
                                    "total": 0.32529811900047356,
                                    "count": 83364,
                                    "self": 0.0,
                                    "children": {
                                        "worker_root": {
                                            "total": 1122.4073514219956,
                                            "count": 83364,
                                            "is_parallel": true,
                                            "self": 109.42492823299824,
                                            "children": {
                                                "steps_from_proto": {
                                                    "total": 0.0006939999999993063,
                                                    "count": 1,
                                                    "is_parallel": true,