{
    "name": "root",
    "gauges": {
        "ShieldandShoot.Policy.Entropy.mean": {
            "value": 1.4338560104370117,
            "min": 1.4189382791519165,
            "max": 1.4338560104370117,
            "count": 5
        },
        "ShieldandShoot.Policy.Entropy.sum": {
            "value": 71285.5859375,
            "min": 71208.0,
            "max": 72330.734375,
            "count": 5
        },
        "ShieldandShoot.Environment.EpisodeLength.mean": {
            "value": 103.25646551724138,
            "min": 103.25646551724138,
            "max": 117.37410071942446,
            "count": 5
        },
        "ShieldandShoot.Environment.EpisodeLength.sum": {
            "value": 47911.0,
            "min": 47911.0,
            "max": 49801.0,
            "count": 5
        },
        "ShieldandShoot.Step.mean": {
            "value": 249976.0,
            "min": 49938.0,
            "max": 249976.0,
            "count": 5
        },
        "ShieldandShoot.Step.sum": {
            "value": 249976.0,
            "min": 49938.0,
            "max": 249976.0,
            "count": 5
        },
        "ShieldandShoot.Policy.ExtrinsicValueEstimate.mean": {
            "value": 0.0029160426929593086,
            "min": -0.0027719612699002028,
            "max": 0.005809116642922163,
            "count": 5
        },
        "ShieldandShoot.Policy.ExtrinsicValueEstimate.sum": {
            "value": 2.8810501098632812,
            "min": -2.686030387878418,
            "max": 5.687125205993652,
            "count": 5
        },
        "ShieldandShoot.Environment.CumulativeReward.mean": {
            "value": 0.036637931034482756,
            "min": 0.036637931034482756,
            "max": 0.19424460431654678,
            "count": 5
        },
        "ShieldandShoot.Environment.CumulativeReward.sum": {
            "value": 17.0,
            "min": 17.0,
            "max": 81.0,
            "count": 5
        },
        "ShieldandShoot.Policy.ExtrinsicReward.mean": {
            "value": 0.036637931034482756,
            "min": 0.036637931034482756,
            "max": 0.19424460431654678,
            "count": 5
        },
        "ShieldandShoot.Policy.ExtrinsicReward.sum": {
            "value": 17.0,
            "min": 17.0,
            "max": 81.0,
            "count": 5
        },
        "ShieldandShoot.IsTraining.mean": {
            "value": 1.0,
            "min": 1.0,
            "max": 1.0,
            "count": 5
        },
        "ShieldandShoot.IsTraining.sum": {
            "value": 1.0,
            "min": 1.0,
            "max": 1.0,
            "count": 5
        },
        "ShieldandShoot.Losses.PolicyLoss.mean": {
            "value": 0.016811418935604807,
            "min": 0.016811418935604807,
            "max": 0.01988767362814138,
            "count": 4
        },
        "ShieldandShoot.Losses.PolicyLoss.sum": {
            "value": 0.016811418935604807,
            "min": 0.016811418935604807,
            "max": 0.01988767362814138,
            "count": 4
        },
        "ShieldandShoot.Losses.ValueLoss.mean": {
            "value": 0.0638857169283761,
            "min": 0.06378479684806532,
            "max": 0.06567388291781147,
            "count": 4
        },
        "ShieldandShoot.Losses.ValueLoss.sum": {
            "value": 0.0638857169283761,
            "min": 0.06378479684806532,
            "max": 0.06567388291781147,
            "count": 4
        },
        "ShieldandShoot.Policy.LearningRate.mean": {
            "value": 0.00023998052000650003,
            "min": 0.00023998052000650003,
            "max": 0.00028499940500019996,
            "count": 4
        },
        "ShieldandShoot.Policy.LearningRate.sum": {
            "value": 0.00023998052000650003,
            "min": 0.00023998052000650003,
            "max": 0.00028499940500019996,
            "count": 4
        },
        "ShieldandShoot.Policy.Epsilon.mean": {
            "value": 0.17999350000000003,
            "min": 0.17999350000000003,
            "max": 0.19499979999999997,
            "count": 4
        },
        "ShieldandShoot.Policy.Epsilon.sum": {
            "value": 0.17999350000000003,
            "min": 0.17999350000000003,
            "max": 0.19499979999999997,
            "count": 4
        },
        "ShieldandShoot.Policy.Beta.mean": {
            "value": 0.0040016756500000005,
            "min": 0.0040016756500000005,
            "max": 0.00475049002,
            "count": 4
        },
        "ShieldandShoot.Policy.Beta.sum": {
            "value": 0.0040016756500000005,
            "min": 0.0040016756500000005,
            "max": 0.00475049002,
            "count": 4
        }
    },
    "metadata": {
        "timer_format_version": "0.1.0",
        "start_time_seconds": "1734565379",
        "python_version": "3.9.20 (main, Oct  3 2024, 02:24:59) \n[Clang 14.0.6 ]",
        "command_line_arguments": "/opt/anaconda3/envs/unity/bin/mlagents-learn config.yaml --run-id=hosytest2",
        "mlagents_version": "0.30.0",
        "mlagents_envs_version": "0.30.0",
        "communication_protocol_version": "1.5.0",
        "pytorch_version": "1.11.0",
        "numpy_version": "1.21.2",
        "end_time_seconds": "1734565691"
    },
    "total": 312.166538833,
    "count": 1,
    "self": 0.0026739169999814294,
    "children": {
        "run_training.setup": {
            "total": 0.01370795800000002,
            "count": 1,
            "self": 0.01370795800000002
        },
        "TrainerController.start_learning": {
            "total": 312.150156958,
            "count": 1,
            "self": 0.15997987700120575,
            "children": {
                "TrainerController._reset_env": {
                    "total": 11.538501334,
                    "count": 1,
                    "self": 11.538501334
                },
                "TrainerController.advance": {
                    "total": 300.3374628719988,
                    "count": 22345,
                    "self": 0.08058505499849389,
                    "children": {
                        "env_step": {
                            "total": 300.2568778170003,
                            "count": 22345,
                            "self": 282.00349262699774,
                            "children": {
                                "SubprocessEnvManager._take_step": {
                                    "total": 18.163485339999355,
                                    "count": 22345,
                                    "self": 0.37162646500173224,
                                    "children": {
                                        "TorchPolicy.evaluate": {
                                            "total": 17.791858874997622,
                                            "count": 22345,
                                            "self": 17.791858874997622
                                        }
                                    }
                                },
                                "workers": {
                                    "total": 0.08989985000323841,
                                    "count": 22344,
                                    "self": 0.0,
                                    "children": {
                                        "worker_root": {
                                            "total": 300.323214932,
                                            "count": 22344,
                                            "is_parallel": true,
                                            "self": 29.504817296005626,
                                            "children": {
                                                "steps_from_proto": {
                                                    "total": 0.0006182919999986325,
                                                    "count": 1,
                                                    "is_parallel": true,