{
    "name": "root",
    "metadata": {
        "timer_format_version": "0.1.0",
        "start_time_seconds": "1734567953",
        "python_version": "3.9.20 (main, Oct  3 2024, 02:24:59) \n[Clang 14.0.6 ]",
        "command_line_arguments": "/opt/anaconda3/envs/unity/bin/mlagents-learn config.yaml --run-id=shootonlyreset",
        "mlagents_version": "0.30.0",
        "mlagents_envs_version": "0.30.0",
        "communication_protocol_version": "1.5.0",
        "pytorch_version": "1.11.0",
        "numpy_version": "1.21.2",
        "end_time_seconds": "1734568015"
    },
    "total": 61.887772167,
    "count": 1,
    "self": 0.0029223330000078818,
    "children": {
        "run_training.setup": {
            "total": 0.01136416699999998,
            "count": 1,
            "self": 0.01136416699999998
        },
        "TrainerController.start_learning": {
            "total": 61.873485667,
            "count": 1,
            "self": 0.018208088999912775,
            "children": {
                "TrainerController._reset_env": {
                    "total": 8.857367083,
                    "count": 1,
                    "self": 8.857367083
                },
                "TrainerController.advance": {
                    "total": 52.93815832900008,
                    "count": 2451,
                    "self": 0.00831797800031353,
                    "children": {
                        "env_step": {
                            "total": 52.92984035099977,
                            "count": 2451,
                            "self": 52.081174029999985,
                            "children": {
                                "SubprocessEnvManager._take_step": {
                                    "total": 0.8390655389998631,
                                    "count": 2451,
                                    "self": 0.04012812299972168,
                                    "children": {
                                        "TorchPolicy.evaluate": {
                                            "total": 0.7989374160001415,
                                            "count": 2451,
                                            "self": 0.7989374160001415
                                        }
                                    }
                                },
                                "workers": {
                                    "total": 0.009600781999921537,
                                    "count": 2450,
                                    "self": 0.0,
                                    "children": {
                                        "worker_root": {
                                            "total": 32.07208267800012,
                                            "count": 2450,
                                            "is_parallel": true,
                                            "self": 1.7156302500001104,
                                            "children": {
                                                "steps_from_proto": {
                                                    "total": 0.00061804200000104,
                                                    "count": 1,
                                                    "is_parallel": true,
                                                    "self": 8.88759999995159e-05,
                                                    "children": {
                                                        "_process_rank_one_or_two_observation": {
                                                            "total": 0.0005291660000015241,
                                                            "count": 2,
                                                            "is_parallel": true,
                                                            "self": 0.0005291660000015241
                                                        }
                                                    }
                                                },
                                                "UnityEnvironment.step": {
                                                    "total": 30.35583438600001,
                                                    "count": 2450,
                                                    "is_parallel": true,
                                                    "self": 0.07676142000018871,
                                                    "children": {
                                                        "UnityEnvironment._generate_step_input": {
                                                            "total": 0.4602498589998625,
                                                            "count": 2450,
                                                            "is_parallel": true,
                                                            "self": 0.4602498589998625
                                                        },
                                                        "communicator.exchange": {
                                                            "total": 29.03351708800002,
                                                            "count": 2450,
                                                            "is_parallel": true,
                                                            "self": 29.03351708800002
                                                        },
                                                        "steps_from_proto": {
                                                            "total": 0.7853060189999361,
                                                            "count": 2450,
                                                            "is_parallel": true,
                                                            "self": 0.08143276699998658,
                                                            "children": {
                                                                "_process_rank_one_or_two_observation": {
                                                                    "total": 0.7038732519999495,
                                                                    "count": 4900,
                                                                    "is_parallel": true,
                                                                    "self": 0.7038732519999495
                                                                }
                                                            }
                                                        }
                                                    }
                                                }
                                            }
                                        }
                                    }
                                }
                            }
                        }
                    }
                },
                "trainer_threads": {
                    "total": 0.00010445800000269401,
                    "count": 1,
                    "self": 0.00010445800000269401,
                    "children": {
                        "thread_root": {
                            "total": 0.0,
                            "count": 0,
                            "is_parallel": true,
                            "self": 0.0,
                            "children": {
                                "trainer_advance": {
                                    "total": 52.2975434619991,
                                    "count": 394651,
                                    "is_parallel": true,
                                    "self": 1.5353203290016282,
                                    "children": {
                                        "process_trajectory": {
                                            "total": 50.76222313299747,
                                            "count": 394651,
                                            "is_parallel": true,