{
    "name": "root",
    "gauges": {
        "ShieldandShoot.Policy.Entropy.mean": {
            "value": 1.219030499458313,
            "min": 1.218367338180542,
            "max": 1.418938398361206,
            "count": 100
        },
        "ShieldandShoot.Policy.Entropy.sum": {
            "value": 61336.73828125,
            "min": 60465.50390625,
            "max": 71616.65625,
            "count": 100
        },
        "ShieldandShoot.Environment.EpisodeLength.mean": {
            "value": 104.1416490486258,
            "min": 68.80865921787709,
            "max": 119.24819277108433,
            "count": 100
        },
        "ShieldandShoot.Environment.EpisodeLength.sum": {
            "value": 49259.0,
            "min": 48768.0,
            "max": 50089.0,
            "count": 100
        },
        "ShieldandShoot.Step.mean": {
            "value": 4999959.0,
            "min": 49942.0,
            "max": 4999959.0,
            "count": 100
        },
        "ShieldandShoot.Step.sum": {
            "value": 4999959.0,
            "min": 49942.0,
            "max": 4999959.0,
            "count": 100
        },
        "ShieldandShoot.Policy.ExtrinsicValueEstimate.mean": {
            "value": -0.03401898592710495,
            "min": -0.08165888488292694,
            "max": 0.016448142006993294,
            "count": 100
        },
        "ShieldandShoot.Policy.ExtrinsicValueEstimate.sum": {
            "value": -18.438289642333984,
            "min": -54.63788986206055,
            "max": 11.447907447814941,
            "count": 100
        },
        "ShieldandShoot.Environment.CumulativeReward.mean": {
            "value": -0.04532768719103069,
            "min": -0.696815617731122,
            "max": 0.27973496121724684,
            "count": 100
        },
        "ShieldandShoot.Environment.CumulativeReward.sum": {
            "value": -21.439996041357517,
            "min": -498.91998229548335,
            "max": 116.09000890515745,
            "count": 100
        },
        "ShieldandShoot.Policy.ExtrinsicReward.mean": {
            "value": -0.04532768719103069,
            "min": -0.696815617731122,
            "max": 0.27973496121724684,
            "count": 100
        },
        "ShieldandShoot.Policy.ExtrinsicReward.sum": {
            "value": -21.439996041357517,
            "min": -498.91998229548335,
            "max": 116.09000890515745,
            "count": 100
        },
        "ShieldandShoot.IsTraining.mean": {
            "value": 1.0,
            "min": 1.0,
            "max": 1.0,
            "count": 100
        },
        "ShieldandShoot.IsTraining.sum": {
            "value": 1.0,
            "min": 1.0,
            "max": 1.0,
            "count": 100
        },
        "ShieldandShoot.Losses.PolicyLoss.mean": {
            "value": 0.0162098245578818,
            "min": 0.014090832293247028,
            "max": 0.020025837313733065,
            "count": 99
        },
        "ShieldandShoot.Losses.PolicyLoss.sum": {
            "value": 0.0162098245578818,
            "min": 0.014090832293247028,
            "max": 0.020025837313733065,
            "count": 99
        },
        "ShieldandShoot.Losses.ValueLoss.mean": {
            "value": 0.060981281598409015,
            "min": 0.05996404072890679,
            "max": 0.06604168014600872,
            "count": 99
        },
        "ShieldandShoot.Losses.ValueLoss.sum": {
            "value": 0.060981281598409015,
            "min": 0.05996404072890679,
            "max": 0.06604168014600872,
            "count": 99
        },
        "ShieldandShoot.Policy.LearningRate.mean": {
            "value": 8.373499162659975e-06,
            "min": 8.373499162659975e-06,
            "max": 0.0009899920010008002,
            "count": 99
        },
        "ShieldandShoot.Policy.LearningRate.sum": {
            "value": 8.373499162659975e-06,
            "min": 8.373499162659975e-06,
            "max": 0.0009899920010008002,
            "count": 99
        },
        "ShieldandShoot.Policy.Epsilon.mean": {
            "value": 0.10083734,
            "min": 0.10083734,
            "max": 0.19899919999999996,
            "count": 99
        },
        "ShieldandShoot.Policy.Epsilon.sum": {
            "value": 0.10083734,
            "min": 0.10083734,
            "max": 0.19899919999999996,
            "count": 99
        },
        "ShieldandShoot.Policy.Beta.mean": {
            "value": 5.17832659999999e-05,
            "min": 5.17832659999999e-05,
            "max": 0.00495006008,
            "count": 99
        },
        "ShieldandShoot.Policy.Beta.sum": {
            "value": 5.17832659999999e-05,
            "min": 5.17832659999999e-05,
            "max": 0.00495006008,
            "count": 99
        }
    },
    "metadata": {
        "timer_format_version": "0.1.0",
        "start_time_seconds": "1734586854",
        "python_version": "3.9.20 (main, Oct  3 2024, 02:24:59) \n[Clang 14.0.6 ]",
        "command_line_arguments": "/opt/anaconda3/envs/unity/bin/mlagents-learn config.yaml --run-id=finaltraining",
        "mlagents_version": "0.30.0",
        "mlagents_envs_version": "0.30.0",
        "communication_protocol_version": "1.5.0",
        "pytorch_version": "1.11.0",
        "numpy_version": "1.21.2",
        "end_time_seconds": "1734589985"
    },
    "total": 3131.114417,
    "count": 1,
    "self": 0.012185790999865276,
    "children": {
        "run_training.setup": {
            "total": 0.011840666999999971,
            "count": 1,
            "self": 0.011840666999999971
        },
        "TrainerController.start_learning": {
            "total": 3131.090390542,
            "count": 1,
            "self": 2.8534171571072875,
            "children": {
                "TrainerController._reset_env": {
                    "total": 15.532284458000001,
                    "count": 1,
                    "self": 15.532284458000001
                },
                "TrainerController.advance": {
                    "total": 3112.6830624688932,
                    "count": 416762,
                    "self": 1.4791226368065509,
                    "children": {
                        "env_step": {
                            "total": 3111.2039398320867,
                            "count": 416762,
                            "self": 2718.2353181800495,
                            "children": {
                                "SubprocessEnvManager._take_step": {
                                    "total": 391.2528380919666,
                                    "count": 416762,
                                    "self": 7.020573438953022,
                                    "children": {
                                        "TorchPolicy.evaluate": {
                                            "total": 384.2322646530136,
                                            "count": 416762,
                                            "self": 384.2322646530136
                                        }
                                    }
                                },
                                "workers": {
                                    "total": 1.7157835600706335,
                                    "count": 416762,
                                    "self": 0.0,
                                    "children": {
                                        "worker_root": {
                                            "total": 3112.4046706240806,
                                            "count": 416762,
                                            "is_parallel": true,
                                            "self": 780.1401694891606,
                                            "children": {
                                                "steps_from_proto": {
                                                    "total": 0.0009126669999997006,
                                                    "count": 1,