{"count":1,"self":195.4502272,"total":749.11483979999991,"children":{"InitializeActuators":{"count":1,"self":0.0019947999999999997,"total":0.0019947999999999997,"children":null},"InitializeSensors":{"count":1,"self":0.0019968,"total":0.0019968,"children":null},"AgentSendState":{"count":84617,"self":28.4786304,"total":33.5903111,"children":{"CollectObservations":{"count":84617,"self":0.24623019999999998,"total":0.24623019999999998,"children":null},"WriteActionMask":{"count":84617,"self":0.2470753,"total":0.2470753,"children":null},"RequestDecision":{"count":84617,"self":0.8313113,"total":4.6183752,"children":{"AgentInfo.ToProto":{"count":84617,"self":0.8229118,"total":3.7870638999999997,"children":{"GenerateSensorData":{"count":84617,"self":2.0534456,"total":2.9641520999999997,"children":{"RayPerceptionSensor.Perceive":{"count":84617,"self":0.91070659999999992,"total":0.91070659999999992,"children":null}}}}}}}}},"DecideAction":{"count":84617,"self":517.37185279999994,"total":517.37183629999993,"children":null},"AgentAct":{"count":84617,"self":2.6567672,"total":2.6567672,"children":null},"AgentInfo.ToProto":{"count":827,"self":0.0048493999999999994,"total":0.040698899999999996,"children":{"GenerateSensorData":{"count":827,"self":0.025457999999999998,"total":0.0358495,"children":{"RayPerceptionSensor.Perceive":{"count":827,"self":0.0103915,"total":0.0103915,"children":null}}}}}},"gauges":{"ShieldandShoot.CumulativeReward":{"count":827,"max":0.07,"min":-1.13,"runningAverage":-1.04406261,"value":-1.06999993,"weightedAverage":-1.05126774}},"metadata":{"timer_format_version":"0.1.0","start_time_seconds":"1733708057","unity_version":"2022.3.5f1","command_line_arguments":"C:\\Program Files\\Unity\\Hub\\Editor\\2022.3.5f1\\Editor\\Unity.exe -projectpath E:\\Debrecen\\3rd Yr\\Reinforecement learning\\Project\\Grade-5-Project -useHub -hubIPC -cloudEnvironment production -licensingIpc LicenseClient-MSI -hubSessionId 6b1935f8-338b-4a5e-af15-94fd2d2588e7 -accessToken cfP3iLqOs19EI6IKa2j17WBKY9vSPHEXS-LDJC723lc007f","communication_protocol_version":"1.5.0","com.unity.ml-agents_version":"2.0.1","scene_name":"SampleScene","end_time_seconds":"1733708806"}}