{"count":1,"self":198.9569152,"total":723.324888,"children":{"InitializeActuators":{"count":12,"self":0.004233,"total":0.004233,"children":null},"InitializeSensors":{"count":12,"self":0.0041659999999999996,"total":0.0041659999999999996,"children":null},"AgentSendState":{"count":51551,"self":92.0776896,"total":101.557959,"children":{"CollectObservations":{"count":618612,"self":0.215435,"total":0.215435,"children":null},"WriteActionMask":{"count":618612,"self":0.21234699999999998,"total":0.21234699999999998,"children":null},"RequestDecision":{"count":618612,"self":0.95835399999999993,"total":9.052484999999999,"children":{"AgentInfo.ToProto":{"count":618612,"self":0.78264899999999993,"total":8.0941309999999991,"children":{"GenerateSensorData":{"count":618612,"self":3.7747352,"total":7.311482,"children":{"RayPerceptionSensor.Perceive":{"count":618612,"self":3.5367471999999998,"total":3.5367469999999996,"children":null}}}}}}}}},"DecideAction":{"count":51551,"self":418.79621119999996,"total":418.796209,"children":null},"AgentAct":{"count":51551,"self":3.7643408,"total":3.764341,"children":null},"AgentInfo.ToProto":{"count":12838,"self":0.033687999999999996,"total":0.23815399999999998,"children":{"GenerateSensorData":{"count":12838,"self":0.12075,"total":0.20446599999999998,"children":{"RayPerceptionSensor.Perceive":{"count":12838,"self":0.083716,"total":0.083716,"children":null}}}}}},"gauges":{"ShieldandShoot.CumulativeReward":{"count":12838,"max":6,"min":-1.21,"runningAverage":-0.9153206,"value":-1.06,"weightedAverage":-1.04700112}},"metadata":{"timer_format_version":"0.1.0","start_time_seconds":"1734478046","unity_version":"2022.3.5f1","command_line_arguments":"\/Applications\/Unity\/Hub\/Editor\/2022.3.5f1\/Unity.app\/Contents\/MacOS\/Unity -projectpath \/Users\/kgkhantzaw\/Shield wizard\/Grade-5-Project -useHub -hubIPC -cloudEnvironment production -licensingIpc LicenseClient-kgkhantzaw -hubSessionId 363becda-2e8d-4956-80c3-3e5d7760d0cd -accessToken UWgBhtjCqnjS3QJvJkz5SbcV92KClPmv9MqRi0H6nj8007f","communication_protocol_version":"1.5.0","com.unity.ml-agents_version":"2.0.1","scene_name":"SampleScene","end_time_seconds":"1734478769"}}