{
    "name": "root",
    "gauges": {
        "ShieldandShoot.Policy.Entropy.mean": {
            "value": 1.4269134998321533,
            "min": 1.4189382791519165,
            "max": 1.4347742795944214,
            "count": 17
        },
        "ShieldandShoot.Policy.Entropy.sum": {
            "value": 71419.875,
            "min": 71127.078125,
            "max": 71761.671875,
            "count": 17
        },
        "ShieldandShoot.Step.mean": {
            "value": 849961.0,
            "min": 49988.0,
            "max": 849961.0,
            "count": 17
        },
        "ShieldandShoot.Step.sum": {
            "value": 849961.0,
            "min": 49988.0,
            "max": 849961.0,
            "count": 17
        },
        "ShieldandShoot.Policy.ExtrinsicValueEstimate.mean": {
            "value": -0.09733231365680695,
            "min": -0.09985335916280746,
            "max": 0.004197383299469948,
            "count": 17
        },
        "ShieldandShoot.Policy.ExtrinsicValueEstimate.sum": {
            "value": -77.18452453613281,
            "min": -79.4832763671875,
            "max": 3.3411171436309814,
            "count": 17
        },
        "ShieldandShoot.Environment.EpisodeLength.mean": {
            "value": 2092.923076923077,
            "min": 1124.2903225806451,
            "max": 2092.923076923077,
            "count": 17
        },
        "ShieldandShoot.Environment.EpisodeLength.sum": {
            "value": 54416.0,
            "min": 34853.0,
            "max": 62106.0,
            "count": 17
        },
        "ShieldandShoot.Environment.CumulativeReward.mean": {
            "value": -21.13653617266279,
            "min": -21.13653617266279,
            "max": -10.25741812875194,
            "count": 17
        },
        "ShieldandShoot.Environment.CumulativeReward.sum": {
            "value": -549.5499404892325,
            "min": -611.6399318575859,
            "max": -317.9799619913101,
            "count": 17
        },
        "ShieldandShoot.Policy.ExtrinsicReward.mean": {
            "value": -21.13653617266279,
            "min": -21.13653617266279,
            "max": -10.25741812875194,
            "count": 17
        },
        "ShieldandShoot.Policy.ExtrinsicReward.sum": {
            "value": -549.5499404892325,
            "min": -611.6399318575859,
            "max": -317.9799619913101,
            "count": 17
        },
        "ShieldandShoot.IsTraining.mean": {
            "value": 1.0,
            "min": 1.0,
            "max": 1.0,
            "count": 17
        },
        "ShieldandShoot.IsTraining.sum": {
            "value": 1.0,
            "min": 1.0,
            "max": 1.0,
            "count": 17
        },
        "ShieldandShoot.Losses.PolicyLoss.mean": {
            "value": 0.016075078604949847,
            "min": 0.014671047328091744,
            "max": 0.02158947760148698,
            "count": 16
        },
        "ShieldandShoot.Losses.PolicyLoss.sum": {
            "value": 0.016075078604949847,
            "min": 0.014671047328091744,
            "max": 0.02158947760148698,
            "count": 16
        },
        "ShieldandShoot.Losses.ValueLoss.mean": {
            "value": 0.007239255114756007,
            "min": 0.007003019602658848,
            "max": 0.010783491947222501,
            "count": 16
        },
        "ShieldandShoot.Losses.ValueLoss.sum": {
            "value": 0.007239255114756007,
            "min": 0.007003019602658848,
            "max": 0.010783491947222501,
            "count": 16
        },
        "ShieldandShoot.Policy.LearningRate.mean": {
            "value": 5.9750780083100006e-05,
            "min": 5.9750780083100006e-05,
            "max": 0.00028498440500519996,
            "count": 16
        },
        "ShieldandShoot.Policy.LearningRate.sum": {
            "value": 5.9750780083100006e-05,
            "min": 5.9750780083100006e-05,
            "max": 0.00028498440500519996,
            "count": 16
        },
        "ShieldandShoot.Policy.Epsilon.mean": {
            "value": 0.11991690000000002,
            "min": 0.11991690000000002,
            "max": 0.19499480000000002,
            "count": 16
        },
        "ShieldandShoot.Policy.Epsilon.sum": {
            "value": 0.11991690000000002,
            "min": 0.11991690000000002,
            "max": 0.19499480000000002,
            "count": 16
        },
        "ShieldandShoot.Policy.Beta.mean": {
            "value": 0.0010038533100000004,
            "min": 0.0010038533100000004,
            "max": 0.00475024052,
            "count": 16
        },
        "ShieldandShoot.Policy.Beta.sum": {
            "value": 0.0010038533100000004,
            "min": 0.0010038533100000004,
            "max": 0.00475024052,
            "count": 16
        }
    },
    "metadata": {
        "timer_format_version": "0.1.0",
        "start_time_seconds": "1734568228",
        "python_version": "3.9.20 (main, Oct  3 2024, 02:24:59) \n[Clang 14.0.6 ]",
        "command_line_arguments": "/opt/anaconda3/envs/unity/bin/mlagents-learn config.yaml --run-id=shootonlyreset2",
        "mlagents_version": "0.30.0",
        "mlagents_envs_version": "0.30.0",
        "communication_protocol_version": "1.5.0",
        "pytorch_version": "1.11.0",
        "numpy_version": "1.21.2",
        "end_time_seconds": "1734569233"
    },
    "total": 1004.947643125,
    "count": 1,
    "self": 0.0019432909999750336,
    "children": {
        "run_training.setup": {
            "total": 0.012114750000000063,
            "count": 1,
            "self": 0.012114750000000063
        },
        "TrainerController.start_learning": {
            "total": 1004.933585084,
            "count": 1,
            "self": 0.5171954529956793,
            "children": {
                "TrainerController._reset_env": {
                    "total": 10.979868209,
                    "count": 1,
                    "self": 10.979868209
                },
                "TrainerController.advance": {
                    "total": 993.3653866720043,
                    "count": 74531,
                    "self": 0.26136877102328526,
                    "children": {
                        "env_step": {
                            "total": 993.104017900981,
                            "count": 74531,
                            "self": 927.390804637975,
                            "children": {
                                "SubprocessEnvManager._take_step": {
                                    "total": 65.41083570400218,
                                    "count": 74531,
                                    "self": 1.2326455989978058,
                                    "children": {
                                        "TorchPolicy.evaluate": {
                                            "total": 64.17819010500438,
                                            "count": 74531,
                                            "self": 64.17819010500438
                                        }
                                    }
                                },
                                "workers": {
                                    "total": 0.3023775590039346,
                                    "count": 74530,
                                    "self": 0.0,
                                    "children": {
                                        "worker_root": {
                                            "total": 993.3216516559969,
                                            "count": 74530,
                                            "is_parallel": true,
                                            "self": 96.25194044298973,
                                            "children": {
                                                "steps_from_proto": {
                                                    "total": 0.0006529579999998703,
                                                    "count": 1,