{
    "name": "root",
    "gauges": {
        "ShieldandShoot.Policy.Entropy.mean": {
            "value": 1.4303617477416992,
            "min": 1.4189382791519165,
            "max": 1.430486798286438,
            "count": 11
        },
        "ShieldandShoot.Policy.Entropy.sum": {
            "value": 71695.453125,
            "min": 70973.421875,
            "max": 71695.453125,
            "count": 11
        },
        "ShieldandShoot.Step.mean": {
            "value": 549936.0,
            "min": 49936.0,
            "max": 549936.0,
            "count": 11
        },
        "ShieldandShoot.Step.sum": {
            "value": 549936.0,
            "min": 49936.0,
            "max": 549936.0,
            "count": 11
        },
        "ShieldandShoot.Policy.ExtrinsicValueEstimate.mean": {
            "value": -0.15119466185569763,
            "min": -0.1643771529197693,
            "max": -0.010461319237947464,
            "count": 11
        },
        "ShieldandShoot.Policy.ExtrinsicValueEstimate.sum": {
            "value": -120.65333557128906,
            "min": -131.33734130859375,
            "max": -8.31674861907959,
            "count": 11
        },
        "ShieldandShoot.Environment.EpisodeLength.mean": {
            "value": 1990.967741935484,
            "min": 1085.5,
            "max": 2220.3684210526317,
            "count": 11
        },
        "ShieldandShoot.Environment.EpisodeLength.sum": {
            "value": 61720.0,
            "min": 34736.0,
            "max": 63078.0,
            "count": 11
        },
        "ShieldandShoot.Environment.CumulativeReward.mean": {
            "value": -32.04386932943617,
            "min": -37.06473492791778,
            "max": -16.17031159735052,
            "count": 11
        },
        "ShieldandShoot.Environment.CumulativeReward.sum": {
            "value": -993.3599492125213,
            "min": -993.3599492125213,
            "max": -517.4499711152166,
            "count": 11
        },
        "ShieldandShoot.Policy.ExtrinsicReward.mean": {
            "value": -32.04386932943617,
            "min": -37.06473492791778,
            "max": -16.17031159735052,
            "count": 11
        },
        "ShieldandShoot.Policy.ExtrinsicReward.sum": {
            "value": -993.3599492125213,
            "min": -993.3599492125213,
            "max": -517.4499711152166,
            "count": 11
        },
        "ShieldandShoot.IsTraining.mean": {
            "value": 1.0,
            "min": 1.0,
            "max": 1.0,
            "count": 11
        },
        "ShieldandShoot.IsTraining.sum": {
            "value": 1.0,
            "min": 1.0,
            "max": 1.0,
            "count": 11
        },
        "ShieldandShoot.Losses.PolicyLoss.mean": {
            "value": 0.01509232742440266,
            "min": 0.01509232742440266,
            "max": 0.017957259244414873,
            "count": 10
        },
        "ShieldandShoot.Losses.PolicyLoss.sum": {
            "value": 0.01509232742440266,
            "min": 0.01509232742440266,
            "max": 0.017957259244414873,
            "count": 10
        },
        "ShieldandShoot.Losses.ValueLoss.mean": {
            "value": 0.05486999286545648,
            "min": 0.051955308196031384,
            "max": 0.05859904415491554,
            "count": 10
        },
        "ShieldandShoot.Losses.ValueLoss.sum": {
            "value": 0.05486999286545648,
            "min": 0.051955308196031384,
            "max": 0.05859904415491554,
            "count": 10
        },
        "ShieldandShoot.Policy.LearningRate.mean": {
            "value": 4.995915004089999e-05,
            "min": 4.995915004089999e-05,
            "max": 9.499360500640002e-05,
            "count": 10
        },
        "ShieldandShoot.Policy.LearningRate.sum": {
            "value": 4.995915004089999e-05,
            "min": 4.995915004089999e-05,
            "max": 9.499360500640002e-05,
            "count": 10
        },
        "ShieldandShoot.Policy.Epsilon.mean": {
            "value": 0.1499591,
            "min": 0.1499591,
            "max": 0.19499360000000004,
            "count": 10
        },
        "ShieldandShoot.Policy.Epsilon.sum": {
            "value": 0.1499591,
            "min": 0.1499591,
            "max": 0.19499360000000004,
            "count": 10
        },
        "ShieldandShoot.Policy.Beta.mean": {
            "value": 0.00250295909,
            "min": 0.00250295909,
            "max": 0.00475018064,
            "count": 10
        },
        "ShieldandShoot.Policy.Beta.sum": {
            "value": 0.00250295909,
            "min": 0.00250295909,
            "max": 0.00475018064,
            "count": 10
        }
    },
    "metadata": {
        "timer_format_version": "0.1.0",
        "start_time_seconds": "1734475057",
        "python_version": "3.9.20 (main, Oct  3 2024, 02:24:59) \n[Clang 14.0.6 ]",
        "command_line_arguments": "/opt/anaconda3/envs/unity/bin/mlagents-learn config.yaml --run-id=Run_ShieldAndShoot",
        "mlagents_version": "0.30.0",
        "mlagents_envs_version": "0.30.0",
        "communication_protocol_version": "1.5.0",
        "pytorch_version": "1.11.0",
        "numpy_version": "1.21.2",
        "end_time_seconds": "1734475617"
    },
    "total": 560.20216125,
    "count": 1,
    "self": 0.002800041999989844,
    "children": {
        "run_training.setup": {
            "total": 0.017446583000000015,
            "count": 1,
            "self": 0.017446583000000015
        },
        "TrainerController.start_learning": {
            "total": 560.181914625,
            "count": 1,
            "self": 0.382526693004138,
            "children": {
                "TrainerController._reset_env": {
                    "total": 9.74595875,
                    "count": 1,
                    "self": 9.74595875
                },
                "TrainerController.advance": {
                    "total": 550.0281602649958,
                    "count": 46640,
                    "self": 0.1841927689968088,
                    "children": {
                        "env_step": {
                            "total": 549.843967495999,
                            "count": 46640,
                            "self": 505.0405256379956,
                            "children": {
                                "SubprocessEnvManager._take_step": {
                                    "total": 44.59367902600036,
                                    "count": 46640,
                                    "self": 0.851419028998059,
                                    "children": {
                                        "TorchPolicy.evaluate": {
                                            "total": 43.7422599970023,
                                            "count": 46640,
                                            "self": 43.7422599970023
                                        }
                                    }
                                },
                                "workers": {
                                    "total": 0.2097628320030438,
                                    "count": 46639,
                                    "self": 0.0,
                                    "children": {
                                        "worker_root": {
                                            "total": 549.9842857429962,
                                            "count": 46639,
                                            "is_parallel": true,
                                            "self": 67.81178776599666,
                                            "children": {
                                                "steps_from_proto": {
                                                    "total": 0.00190454200000012,
                                                    "count": 1,
                                                    "is_parallel": true,