{
    "name": "root",
    "gauges": {
        "ShieldandShoot.Policy.Entropy.mean": {
            "value": 1.4231551885604858,
            "min": 1.4189382791519165,
            "max": 1.4233771562576294,
            "count": 12
        },
        "ShieldandShoot.Policy.Entropy.sum": {
            "value": 70975.59375,
            "min": 70792.15625,
            "max": 71599.625,
            "count": 12
        },
        "ShieldandShoot.Environment.EpisodeLength.mean": {
            "value": 46.80765550239234,
            "min": 46.333333333333336,
            "max": 47.88954056695992,
            "count": 12
        },
        "ShieldandShoot.Environment.EpisodeLength.sum": {
            "value": 48914.0,
            "min": 48789.0,
            "max": 49116.0,
            "count": 12
        },
        "ShieldandShoot.Step.mean": {
            "value": 599990.0,
            "min": 49966.0,
            "max": 599990.0,
            "count": 12
        },
        "ShieldandShoot.Step.sum": {
            "value": 599990.0,
            "min": 49966.0,
            "max": 599990.0,
            "count": 12
        },
        "ShieldandShoot.Policy.ExtrinsicValueEstimate.mean": {
            "value": -0.18501152098178864,
            "min": -0.18501152098178864,
            "max": 0.003944138530641794,
            "count": 12
        },
        "ShieldandShoot.Policy.ExtrinsicValueEstimate.sum": {
            "value": -196.29722595214844,
            "min": -196.29722595214844,
            "max": 4.172898769378662,
            "count": 12
        },
        "ShieldandShoot.Environment.CumulativeReward.mean": {
            "value": -0.9016921222637306,
            "min": -0.9609001576718227,
            "max": -0.8825283724511268,
            "count": 12
        },
        "ShieldandShoot.Environment.CumulativeReward.sum": {
            "value": -943.1699598878622,
            "min": -987.3799602203071,
            "max": -931.9499613083899,
            "count": 12
        },
        "ShieldandShoot.Policy.ExtrinsicReward.mean": {
            "value": -0.9016921222637306,
            "min": -0.9609001576718227,
            "max": -0.8825283724511268,
            "count": 12
        },
        "ShieldandShoot.Policy.ExtrinsicReward.sum": {
            "value": -943.1699598878622,
            "min": -987.3799602203071,
            "max": -931.9499613083899,
            "count": 12
        },
        "ShieldandShoot.IsTraining.mean": {
            "value": 1.0,
            "min": 1.0,
            "max": 1.0,
            "count": 12
        },
        "ShieldandShoot.IsTraining.sum": {
            "value": 1.0,
            "min": 1.0,
            "max": 1.0,
            "count": 12
        },
        "ShieldandShoot.Losses.PolicyLoss.mean": {
            "value": 0.015943701340196032,
            "min": 0.01550520492795234,
            "max": 0.020512797724222764,
            "count": 11
        },
        "ShieldandShoot.Losses.PolicyLoss.sum": {
            "value": 0.015943701340196032,
            "min": 0.01550520492795234,
            "max": 0.020512797724222764,
            "count": 11
        },
        "ShieldandShoot.Losses.ValueLoss.mean": {
            "value": 0.05726371477875444,
            "min": 0.05726371477875444,
            "max": 0.06722982817639907,
            "count": 11
        },
        "ShieldandShoot.Losses.ValueLoss.sum": {
            "value": 0.05726371477875444,
            "min": 0.05726371477875444,
            "max": 0.06722982817639907,
            "count": 11
        },
        "ShieldandShoot.Policy.LearningRate.mean": {
            "value": 4.4911355088700005e-05,
            "min": 4.4911355088700005e-05,
            "max": 9.49986050014e-05,
            "count": 11
        },
        "ShieldandShoot.Policy.LearningRate.sum": {
            "value": 4.4911355088700005e-05,
            "min": 4.4911355088700005e-05,
            "max": 9.49986050014e-05,
            "count": 11
        },
        "ShieldandShoot.Policy.Epsilon.mean": {
            "value": 0.1449113,
            "min": 0.1449113,
            "max": 0.19499860000000002,
            "count": 11
        },
        "ShieldandShoot.Policy.Epsilon.sum": {
            "value": 0.1449113,
            "min": 0.1449113,
            "max": 0.19499860000000002,
            "count": 11
        },
        "ShieldandShoot.Policy.Beta.mean": {
            "value": 0.00225107387,
            "min": 0.00225107387,
            "max": 0.00475043014,
            "count": 11
        },
        "ShieldandShoot.Policy.Beta.sum": {
            "value": 0.00225107387,
            "min": 0.00225107387,
            "max": 0.00475043014,
            "count": 11
        }
    },
    "metadata": {
        "timer_format_version": "0.1.0",
        "start_time_seconds": "1734478038",
        "python_version": "3.9.20 (main, Oct  3 2024, 02:24:59) \n[Clang 14.0.6 ]",
        "command_line_arguments": "/opt/anaconda3/envs/unity/bin/mlagents-learn config.yaml --run-id=Run_ShootOnly2",
        "mlagents_version": "0.30.0",
        "mlagents_envs_version": "0.30.0",
        "communication_protocol_version": "1.5.0",
        "pytorch_version": "1.11.0",
        "numpy_version": "1.21.2",
        "end_time_seconds": "1734478769"
    },
    "total": 730.827698459,
    "count": 1,
    "self": 0.0026333749999594147,
    "children": {
        "run_training.setup": {
            "total": 0.011529125000000029,
            "count": 1,
            "self": 0.011529125000000029
        },
        "TrainerController.start_learning": {
            "total": 730.813535959,
            "count": 1,
            "self": 0.38333168299084264,
            "children": {
                "TrainerController._reset_env": {
                    "total": 9.314165124999999,
                    "count": 1,
                    "self": 9.314165124999999
                },
                "TrainerController.advance": {
                    "total": 721.087333151009,
                    "count": 51538,
                    "self": 0.18759012400869324,
                    "children": {
                        "env_step": {
                            "total": 720.8997430270003,
                            "count": 51538,
                            "self": 677.0201330389943,
                            "children": {
                                "SubprocessEnvManager._take_step": {
                                    "total": 43.661252124000185,
                                    "count": 51538,
                                    "self": 0.8743023660032989,
                                    "children": {
                                        "TorchPolicy.evaluate": {
                                            "total": 42.78694975799689,
                                            "count": 51538,
                                            "self": 42.78694975799689
                                        }
                                    }
                                },
                                "workers": {
                                    "total": 0.21835786400579416,
                                    "count": 51537,
                                    "self": 0.0,
                                    "children": {
                                        "worker_root": {
                                            "total": 721.0408217069966,
                                            "count": 51537,
                                            "is_parallel": true,
                                            "self": 69.72141835899549,
                                            "children": {
                                                "steps_from_proto": {
                                                    "total": 0.0005609589999995279,
                                                    "count": 1,
                                                    "is_parallel": true,