{
    "name": "root",
    "metadata": {
        "timer_format_version": "0.1.0",
        "start_time_seconds": "1733708020",
        "python_version": "3.7.16 (default, Jan 17 2023, 16:06:28) [MSC v.1916 64 bit (AMD64)]",
        "command_line_arguments": "C:\\Users\\MSI\\anaconda3\\envs\\shieldshoot\\Scripts\\mlagents-learn config.yaml --run-id=RUN SINGLE ENV",
        "mlagents_version": "0.28.0",
        "mlagents_envs_version": "0.28.0",
        "communication_protocol_version": "1.5.0",
        "pytorch_version": "1.7.1+cu110",
        "numpy_version": "1.21.6",
        "end_time_seconds": "1733708869"
    },
    "total": 848.911364,
    "count": 1,
    "self": 0.005990600000131963,
    "children": {
        "run_training.setup": {
            "total": 0.2959432999999998,
            "count": 1,
            "self": 0.2959432999999998
        },
        "TrainerController.start_learning": {
            "total": 848.6094300999999,
            "count": 1,
            "self": 4.006074100000319,
            "children": {
                "TrainerController._reset_env": {
                    "total": 38.5649671,
                    "count": 1,
                    "self": 38.5649671
                },
                "TrainerController.advance": {
                    "total": 805.4036829999997,
                    "count": 84601,
                    "self": 2.20316169999694,
                    "children": {
                        "env_step": {
                            "total": 803.2005213000027,
                            "count": 84601,
                            "self": 645.7650603000127,
                            "children": {
                                "SubprocessEnvManager._take_step": {
                                    "total": 155.30521000001045,
                                    "count": 84601,
                                    "self": 8.84021780000802,
                                    "children": {
                                        "TorchPolicy.evaluate": {
                                            "total": 146.46499220000243,
                                            "count": 84601,
                                            "self": 23.47849649999182,
                                            "children": {
                                                "TorchPolicy.sample_actions": {
                                                    "total": 122.98649570001061,
                                                    "count": 84601,
                                                    "self": 122.98649570001061
                                                }
                                            }
                                        }
                                    }
                                },
                                "workers": {
                                    "total": 2.130250999979644,
                                    "count": 84600,
                                    "self": 0.0,
                                    "children": {
                                        "worker_root": {
                                            "total": 743.5078556999978,
                                            "count": 84600,
                                            "is_parallel": true,
                                            "self": 305.76265220000556,
                                            "children": {
                                                "steps_from_proto": {
                                                    "total": 0.00034780000000012024,
                                                    "count": 1,
                                                    "is_parallel": true,
                                                    "self": 0.000126099999995688,
                                                    "children": {
                                                        "_process_rank_one_or_two_observation": {
                                                            "total": 0.00022170000000443224,
                                                            "count": 2,
                                                            "is_parallel": true,
                                                            "self": 0.00022170000000443224
                                                        }
                                                    }
                                                },
                                                "UnityEnvironment.step": {
                                                    "total": 437.74485569999223,
                                                    "count": 84600,
                                                    "is_parallel": true,
                                                    "self": 13.439987600010056,
                                                    "children": {
                                                        "UnityEnvironment._generate_step_input": {
                                                            "total": 9.575080999991314,
                                                            "count": 84600,
                                                            "is_parallel": true,
                                                            "self": 9.575080999991314
                                                        },
                                                        "communicator.exchange": {
                                                            "total": 379.58883290000864,
                                                            "count": 84600,
                                                            "is_parallel": true,
                                                            "self": 379.58883290000864
                                                        },
                                                        "steps_from_proto": {
                                                            "total": 35.140954199982204,
                                                            "count": 84600,
                                                            "is_parallel": true,
                                                            "self": 19.626198999992752,
                                                            "children": {
                                                                "_process_rank_one_or_two_observation": {
                                                                    "total": 15.514755199989452,
                                                                    "count": 169200,
                                                                    "is_parallel": true,
                                                                    "self": 15.514755199989452
                                                                }
                                                            }
                                                        }
                                                    }
                                                }
                                            }
                                        }
                                    }
                                }
                            }
                        }
                    }
                },
                "TrainerController._save_models": {
                    "total": 0.6347058999999717,
                    "count": 1,
                    "self": 0.06432229999995798,
                    "children": {
                        "RLTrainer._checkpoint": {
                            "total": 0.5703836000000138,
                            "count": 1,
                            "self": 0.5703836000000138
                        }
                    }
                }
            }
        }
    }
}